https://terrorist-characters-machines-accessing.trycloudflare.com/version_B-H-S_CI-CIEP-EP/,1
https://terrorist-characters-machines-accessing.trycloudflare.com/version_B-H-S_CI-EP-CIEP/,1
https://terrorist-characters-machines-accessing.trycloudflare.com/version_B-H-S_CIEP-CI-EP/,1
https://terrorist-characters-machines-accessing.trycloudflare.com/version_B-H-S_CIEP-EP-CI/,1
https://terrorist-characters-machines-accessing.trycloudflare.com/version_B-H-S_EP-CI-CIEP/,1
https://terrorist-characters-machines-accessing.trycloudflare.com/version_B-H-S_EP-CIEP-CI/,1
https://terrorist-characters-machines-accessing.trycloudflare.com/version_B-S-H_CI-CIEP-EP/,1
https://terrorist-characters-machines-accessing.trycloudflare.com/version_B-S-H_CI-EP-CIEP/,1
https://terrorist-characters-machines-accessing.trycloudflare.com/version_B-S-H_CIEP-CI-EP/,1
https://terrorist-characters-machines-accessing.trycloudflare.com/version_B-S-H_CIEP-EP-CI/,1
https://terrorist-characters-machines-accessing.trycloudflare.com/version_B-S-H_EP-CI-CIEP/,1
https://terrorist-characters-machines-accessing.trycloudflare.com/version_B-S-H_EP-CIEP-CI/,1
https://terrorist-characters-machines-accessing.trycloudflare.com/version_H-B-S_CI-CIEP-EP/,1
https://terrorist-characters-machines-accessing.trycloudflare.com/version_H-B-S_CI-EP-CIEP/,1
https://terrorist-characters-machines-accessing.trycloudflare.com/version_H-B-S_CIEP-CI-EP/,1
https://terrorist-characters-machines-accessing.trycloudflare.com/version_H-B-S_CIEP-EP-CI/,1
https://terrorist-characters-machines-accessing.trycloudflare.com/version_H-B-S_EP-CI-CIEP/,1
https://terrorist-characters-machines-accessing.trycloudflare.com/version_H-B-S_EP-CIEP-CI/,1
https://terrorist-characters-machines-accessing.trycloudflare.com/version_H-S-B_CI-CIEP-EP/,1
https://terrorist-characters-machines-accessing.trycloudflare.com/version_H-S-B_CI-EP-CIEP/,1
https://terrorist-characters-machines-accessing.trycloudflare.com/version_H-S-B_CIEP-CI-EP/,1
https://terrorist-characters-machines-accessing.trycloudflare.com/version_H-S-B_CIEP-EP-CI/,1
https://terrorist-characters-machines-accessing.trycloudflare.com/version_H-S-B_EP-CI-CIEP/,1
https://terrorist-characters-machines-accessing.trycloudflare.com/version_H-S-B_EP-CIEP-CI/,1
https://terrorist-characters-machines-accessing.trycloudflare.com/version_S-B-H_CI-CIEP-EP/,1
https://terrorist-characters-machines-accessing.trycloudflare.com/version_S-B-H_CI-EP-CIEP/,1
https://terrorist-characters-machines-accessing.trycloudflare.com/version_S-B-H_CIEP-CI-EP/,1
https://terrorist-characters-machines-accessing.trycloudflare.com/version_S-B-H_CIEP-EP-CI/,1
https://terrorist-characters-machines-accessing.trycloudflare.com/version_S-B-H_EP-CI-CIEP/,1
https://terrorist-characters-machines-accessing.trycloudflare.com/version_S-B-H_EP-CIEP-CI/,1
https://terrorist-characters-machines-accessing.trycloudflare.com/version_S-H-B_CI-CIEP-EP/,1
https://terrorist-characters-machines-accessing.trycloudflare.com/version_S-H-B_CI-EP-CIEP/,1
https://terrorist-characters-machines-accessing.trycloudflare.com/version_S-H-B_CIEP-CI-EP/,1
https://terrorist-characters-machines-accessing.trycloudflare.com/version_S-H-B_CIEP-EP-CI/,1
https://terrorist-characters-machines-accessing.trycloudflare.com/version_S-H-B_EP-CI-CIEP/,1
https://terrorist-characters-machines-accessing.trycloudflare.com/version_S-H-B_EP-CIEP-CI/,1